Kata,Antonim,No_Konteks,Konteks
depresi,,7,iya kay semangat yuk biar tidak depresi para ibu muda
benar,salah,8,masih beruntung kalo bisa begitu yang kasian itu yang jadi korban tidak benarnya orang tua anak jadi stres depresi pengen bunuh diri itu anak pas dewasa merasakan terus keluar menyegarkan balik ribut siklus berulang apalagi kalo orang tua fokus hal negatif melulu ya sudah ambyar si anak
kelar,berlangsung,10,hal yang paling aku syukuri saat ini adalah masalah yang tidak kelar hidup yang benar lagi berjuang pencapaian yang macet tapi aku tidak merasa keberatan untuk itu dan menikmati saja hidup padahal kalau dipikirkan bisa depresi mendekati gila tawa
aman,bahaya,22,pertama aku kecemasan disorder yang dibarengi depresi gara-gara itu aku jadi merasa tidak aman parah dan tidak mau banget difoto memotret diri pikiran juga sering berpikir bunuh diri sejak kenal nct melihati konten mereka bisa alihkan pikiran bunuh diri aku
gampang,sulit,23,pantas saja diluar sana ada ibu yang sampai gorok anaknya karena ternyata jadi ibu dan jadi seorang perempuan tidak gampang jaga biar tetap waras tanpa bicara itu susah sangat mungkin ya ibu yang depresi diluar sono karena tidak bisa mengeluarkan keluh kesah nya
pakai,lepas,26,ekspresi porsche itu menggambarkan aku banget pas vegas nongol kek depresi sangat vegas nongol tidak pakai aba link
sakit,sehat,27,sama tapi kadang kalau lagi depresi sangat bawaannya pengen bunuh diri sih aku kehilangan diri aku dan akhir ini aku cuman memikirkan bagaimana caranya bunuh diri tapi tidak sakit emang agak gila aku keknya ini aku cape tapi harus tetap kelihatan bahagia tahi sangat emang hidup
stres,tenang,30,tetapi kemudian semua berubah waktu dia kuliah okelah aku mengarti kalo mahasiswa baru itu sibuknya kayak apa aku juga pernah kuliah aku memutuskan buat sabar menunggu karena dia juga menunggu aku waktu dulu kerja aku tahan tidak lama cerita masalah apa ke dia biar tidak stres sampai aku kena depresi
sreg,kurang,42,maaf nimbrung kak di rumah sakit mana kemarin aku ke spesialis kedokteran jiwa sumah sakit bina sehat langsung di diagnosis bipolar dong padahal baru pertama konsul dan tidak sampai menit mengobrolnya langsung di kasih obat pula jadi tidak sreg begitu pengen ganti dokter
balik,hilang,45,nasib paling tragis berdeham gu dongmae sudah anak pemotong daging lari dari joseon balik kuat sih tapi cintanya tidak dibalikkan mana dia depresi keknya dan lihat hina mati lagi terus matinya tidak terhormat diseret depan umum tidak tahu mayatnya di kemanakan
hormat,hina,45,nasib paling tragis berdeham gu dongmae sudah anak pemotong daging lari dari joseon balik kuat sih tapi cintanya tidak dibalikkan mana dia depresi keknya dan lihat hina mati lagi terus matinya tidak terhormat diseret depan umum tidak tahu mayatnya di kemanakan
tega,iba,49,ibuku pernah ada di posisi ini hari jumat lahiran tetapi adik bayinya meninggal terus pas hari sabtunya mamanya ibuku yang meninggal benar benar tidak tega tidak kuat sangat pas liat wajah ibuku bahkan ibuku sempat depresi beberapa bulan tetapi sekarang mereka bertiga sudah pada berkumpul lagi
kuat,lemah,49,ibuku pernah ada di posisi ini hari jumat lahiran tetapi adik bayinya meninggal terus pas hari sabtunya mamanya ibuku yang meninggal benar benar tidak tega tidak kuat sangat pas liat wajah ibuku bahkan ibuku sempat depresi beberapa bulan tetapi sekarang mereka bertiga sudah pada berkumpul lagi
lucu,serius,54,tidak lucu kalo tiba tiba adik depresi
sehat,sakit,56,sama kayak rokok sudah tau tidak sehat tapi tetap saja kita isap terus mungkin karena candu itu penting lebih baik tidak sadar hidup dalam simulasi daripada depresi karenanya
sadar,pingsan,56,sama kayak rokok sudah tau tidak sehat tapi tetap saja kita isap terus mungkin karena candu itu penting lebih baik tidak sadar hidup dalam simulasi daripada depresi karenanya
salah,benar,66,tapi tindakan negara dan masyarakat untuk merepresi dan mendiskriminasi orientasi seksual tertentu akan menjadi hambatan kesuksesan dan karya karena bisa membuat orang tersebut depresi padahal dia tidak salah
bikin,,71,tidak ada yang mati tidak bikin depresi
kena,peleset,85,lebih baik dari sebelumnya dalam hal pencegahan dan pengobatan lagi pula akar masalah lgbt bisa kena hiv ya karena kami tidak bisa menikah akhirnya depresi dan ganti ganti pasangan coba legalisasi pernikahan lgbt dibolehkan sejak ratusan tahun yang lalu pasti tidak kena hiv
maksud,,96,orang depresi begitu ya banyak memendam tau meninggal ya allah fia maafkan gue kalo ada salah gue tidak maksud apa fia
minder,kukuh,111,saya depresi mayor pengangguran sejak lulus merasa tidak minder malu bertemu orang karena sudah jadi templat memang itu saja yang orang ingin tahu tertarik kerja apakah dia dan apa pentingnya lalu mulai mencoba menggurui dan mencari apa yang kurang setelah tau saya tidak kerja
kerja,diam,111,saya depresi mayor pengangguran sejak lulus merasa tidak minder malu bertemu orang karena sudah jadi templat memang itu saja yang orang ingin tahu tertarik kerja apakah dia dan apa pentingnya lalu mulai mencoba menggurui dan mencari apa yang kurang setelah tau saya tidak kerja
kaya,miskin,114,cara tau kita depresi berat atau tidak bagaimana si ada tidak kaya website buat konsul kaya begitu
papa,,117,sel ya allah tidak papa aku sempat depresi pas tarikan ke sampai
menang,kalah,119,akhirnya hampir depresi lawan bilbao tidak menang menang link
perhati,abai,120,jadi ilux itu sesudah papa mama nya cerai kan jadi rebutan om benny sama pihak keluargaku kakek nenek kenapa pihak keluargaku karena tanteku stres depresi itu tadi diajak mengobrol aja tidak bisa tapi pas ilux masuk sekolah dasar papanya sudah tidak perhatian lagi sudah tidak kontakan pula
kontak,,120,jadi ilux itu sesudah papa mama nya cerai kan jadi rebutan om benny sama pihak keluargaku kakek nenek kenapa pihak keluargaku karena tanteku stres depresi itu tadi diajak mengobrol aja tidak bisa tapi pas ilux masuk sekolah dasar papanya sudah tidak perhatian lagi sudah tidak kontakan pula
sambung,putus,122,obrolan teman temanku sudah tidak menyambung sama aku dan aku dah tidak ingin nimbrung di grup tandanya apa sahabat ya kamu depresi dan ya sudah tidak perlu berteman dulu
buruk,bagus,126,lgbt tidak buruk berdasarkan penelitian ilmiah ya ada dong hubungan seksualitas dengan kesuksesan bayangkan kalau cishet dilarang kawin seumur hidupnya bisa bisa depresi dia karena menahan birahi bagaimana mau sukses kalau dia depresi berat
konsisten,labil,131,kok tidak konsisten kak sama ucapan sebelumnya bipolar keabisan obatkah link
ibadah,maksiat,135,yang meninggalkan ibadah itu emang yakin umurnya bakal sampai hari h ujian tulis berbasis komputer kan sayang sudah terlanjur abisius dibelain matian tidak ibadah depresi kurang tidur sakit tau meninggal lebih dahulu
otak,ceroboh,140,tidak mengotak banget anak tahun kena bipolar pasti salah kan ya
gairah,lesu,144,apa ini depresi ringan tidak bergairah sama sekali padahal besok lebaran
enak,hambar,149,aku punya momen tidak enak pas lebaran pas tidak bisa mudik bareng keluarga ke cilacap gara-gara gara-gara ibu kecelakaan gara-gara gara-gara aku dan aku punya momen tidak enak pas natal pas lagi dalam kondisi depresi berat dan harus dibawa pulang sampai ibu harus nangis karena aku apakah aku harus
dekat,jauh,181,terus mengetahui beliau tidak pendekatan dengan aku depresi
turun,naik,185,membicarakan soal berat badan ya sebelum puasa kemarin emang turun pas puasa stabil kan tidak turun itu eh waktu ketemu saudara kemarin ditanyakan memikirkan apa stres karena apa jangan sampai depresi turun berat badan aja dikira stres tawa
na,,186,tidak na mengertinya itu kalau dari pertanyaannya itu bisa bikin berpikir berlebihan stres depresi selama beberapa minggu coba lah sesekali bahas yang menyenangkan saja tidak usah saling membandingkan setiap orang rezekinya beda
kejar,hindar,218,dia kalau kespook pasti depresi sangat si teman aku ada yang kebiasa menang menilai lepas terus dia terlalu optimis begitu bakal menang lagi pas gacha char yang dia budak cintakan sangat malah kespook dan tidak kekejar
emo,,220,lagu txt memang kalau tidak emo cowok yang suka bersedih ya depresi mbak
bahagia,sengasara,227,tapi sesuai judul sih kak kita blues karena maksud dari blues itu sendiri adalah perasaan depresi atau tidak bahagianya makanya dari episode sampai sekarang isinya masalah terus
bipolar,sehat,233,najis apa a bipolar dari yang super bahagia bisa jadi sad cewek seketika
arti,,244,mungkin orang orang tidak mengarti menganggap enteng menganggap korban bodoh tapi emang bikin depresi dan trauma menahun
mempan,mangkir,249,baru paham kenapa orang depresi itu ada yang bisa sampai diri menyakiti ternyata depresi kalo sudah terpicu itu sakit banget dan rasa sakit diri menyakiti itu bisa jadi pengalih untuk rasa sakit depresi kalo tidak mempan dan tidak kuat menahan rasa sakit depresi opsi terakhir ya bunuh diri
masuk,keluar,255,entah bipolar atau apa begitu intinya dia bisa melakukan dihal yang tidak masuk akal begitu segala cara dilakukan buat mendapatkan sesuatu dengan cara yang tidak adil
adil,,255,entah bipolar atau apa begitu intinya dia bisa melakukan dihal yang tidak masuk akal begitu segala cara dilakukan buat mendapatkan sesuatu dengan cara yang tidak adil
nang,,263,tidak nangis sama sekali soalnya dah sering nangis karena depresi
bayang,,280,tidak kebayang kalau sendernya gagal seleksi bersama masuk pasti depresi ya maaf namanya juga cemas
razor,,289,jariku jelek sering aku mengigiti kalo lagi depresi sebagai pelarian supaya aku tidak razor begitu link
kayak,beda,293,maaf mbak saya bipolar tapii tidak kayak awkarin bahkan saya orangnya susah pindah pada dari yang dulu ke yang sekarang bisa tahun bersedihnya kayaknya tidak ada menyambungnya sama mental sakit deh
henti,terus,305,menunggu di kopi kenangan sejam lebih padahal mengambil cara pegawainya cuma tidak tega kesian sambil mereka mengerjakan ada suara pesanan baru diterima tidak berhenti berhenti wow kita yang menunggu ikut depresi
debat,sepakat,314,baca pardamean harahap tidak debat gue depresi cari solusi sana sini beli banyak buku tapi tidak ada yang bisa mengatasi masalah gue anehnya buku baca itu kayak hidup dan perlahan gue merasa damai
normal,abnormal,337,walaupun diri sudah tidak normal bahkan memiliki gejala mental dan depresi telan aja dulu
bahaya,aman,346,tiap ada sehat tidak berbahaya cuitan orang membagikan tentang dirinya pasti ada aja pilih aku murung jalang jadi pesta obat psikoaktif seketika menyaut macam bisa bisa kamu bahagia disaat gua depresi dan punya zero sosial keterampilan seperti jalang bagikan kamu kesedihan untuk milkmu terapis not kita
guru,murid,366,allahu mitsuya sumber depresi tidak guru bimbingan konseling gara-gara mtsy menjadikan ruang bimbingan konseling rumah kedua
percaya,ragu,381,dari pada tidak percaya diri nanti menyendiri sedih stres depresi
harap,,398,tidak berharap lebih dari yang menyuruh aku baca alquran pas lagi episode depresi kena depresi benaran
liat,,399,jin keparat setan kamu dasar siluman balik kamu sana ke neraka tidak usah ajak aku tidak liat apa kamu orang di hidup gue pada baik semua usaha kamu buat gue mati depresi sia pergi kamu setan biadab terbahak-bahak sangat tolong
berani,takut,420,tetanggaku ada ayah yang cerita katanya sudah punya cewek terus tidak bisa lanjut terus depresi tidak bisa makan sama sekali tidak bisa keluar kamar meninggal di rumah sakit makanya ayah tidak berani memisahkan anaknya kalo suka sama orang
mudah,sulit,422,sungguh tidak mudah menjadi orang dengan bipolar odb sulit dimana kamu itu punya keluarga besar yang harus ikutan kumpul tapi itu bisa bikin kamu kesakitan secara mental dan kemudian kena ke fisik obat pun tidak bisa menangani itu
kembang,,441,kalo yang punya anak atau nanti punya anak tolong menjauhi dia dari porno ataupun hal hal yang bisa bikin dia merasa depresi tertekan atau kecemasan itu cuman bakal bikin otaknya tidak berkembang sempurna
halusinasi,,453,iya sambil iri iri sikit lah tapi ya sudah mau bagaimana lagi nanti kalau protes malah dikira egois plus saya jangan tahu jika dia sangat adalah murung menilai dari satu orang depresi ke orang depresi lainnya aku jadi bingung adalah milikku depresi a halusinasi oneor dia adalah
nomor,,470,malu taylor punya penggemar dongok dikasih bukti masih mengarang noh mampir ke akun orang malu ya link kasihan idola kamu tidak nomor diamrik depresi kamu
dok,,472,depresi mempengaruhi daya ingat seseorang apa tidak dok
tau,,473,stres berat karena johnny bertemu gala bikin depresi aku tidak tau lagi pusing sangat mengalir dari jam setengah pagi sampai sekarang murung dia adalah gila untuk makhluk bahwa hot dan atraktif demi tuhan menggonggong keluar keras selama fajar
bunuh,,482,aku itu walaupun depresi secara harfiah yang benar sudah tidak kuat lagi tapi kadang bertahan hidup dan berhasil menahan diri untuk tidak bunuh diri karena aku tidak rela liat pembenci aku berasa menang terbahak
rela,tolak,482,aku itu walaupun depresi secara harfiah yang benar sudah tidak kuat lagi tapi kadang bertahan hidup dan berhasil menahan diri untuk tidak bunuh diri karena aku tidak rela liat pembenci aku berasa menang terbahak
peduli,abai,487,gue mengungkapkan ke abah gue kalau gue lagi depresi dan dia tidak peduli bahkan bilang katanya gue kaya anak kecil terima kasih ya emang di keluarga tidak ada yang peduli juga jadi buat apa ya hidup
tangan,,494,depresi berat karena masalah cinta itu nyata kalau tidak ditangani dengan baik bisa bahaya
stabil,labil,510,pas covid ocd tambah parah dan jelas depresi tambah parah tidak mau ketemu orang tidak mau keluar dan emosi tidak stabil diejek anak setan barang di rumah dibantingkan depanku dan itu buat aku jerit tidak karuan orang tua kasian sama saudara yang kena depresi tetapi anaknya sendiri mengalami dihiraukan
karuan,berantakan,510,pas covid ocd tambah parah dan jelas depresi tambah parah tidak mau ketemu orang tidak mau keluar dan emosi tidak stabil diejek anak setan barang di rumah dibantingkan depanku dan itu buat aku jerit tidak karuan orang tua kasian sama saudara yang kena depresi tetapi anaknya sendiri mengalami dihiraukan
berat,ringan,526,benar suasana hati pemacu sangat changhee ini tetapi malahan menurutku tidak berat amat emang cuman terkait aja tidak sih yang dibahas bukan depresi yang macam iu di milikku mister yang hidupnya berat sangat tetapi lebih ke orang introvert yang hidupnya monoton
sedih,senang,539,tidak mungkin oi gila aja kalau aldebaran nge tipu bercanda keluarganya kayak begitu ibunya sampai depresi ya meski sekarang juga bu rossa tidak sedih amat tapi andin sampai lemas lunglai tak berdaya tiap hari nangis terus
butuh,cukup,543,orang depresi seperti dokter ini tidak butuh nasihat dia butuh dokter dan obat
tidak,,554,bisa tidak tidak perlu menanya kapan gue bisa bawa motor sudah gede kok tidak bisa bawa motor lama lama gue dengar dengar bisa sampai depresi
ajak,tinggal,555,ih pengangguran depresi cari perhatian tukang mencari perhatian kasihan deh tidak diajak
guna,sia-sia,556,hai kau beruntung di diamkan itu rasanya sangat menyakitkan kau akan merasa dianggap tidak berguna menyalahkan dirimu sendiri depresi atau bahkan membuat dirimu ingin mengakhiri hidupmu berhenti bersikap seperti itu terhadap pasanganmu kasian dia
harmonis,gaduh,560,sejujurnya aku mengakui bahwa keluargaku tidak harmonis baik keluarga besar maupun keluarga kecil tapi disaat diriku tidak tertolong seperti tidak normal patah hati depresi jatuh patah sedih tidak bahagia tidak ada yang dapat membantu bahkan mendengarkan saya benci ini
tolong,abai,560,sejujurnya aku mengakui bahwa keluargaku tidak harmonis baik keluarga besar maupun keluarga kecil tapi disaat diriku tidak tertolong seperti tidak normal patah hati depresi jatuh patah sedih tidak bahagia tidak ada yang dapat membantu bahkan mendengarkan saya benci ini
mutu,,566,tawa tambah hari ini si adik tambah stres ucapannya tidak mutu sama sekali level terendah centang biru ati kang depresi
gue,,568,sepupu gue berbicara kurusan kamu ya diet apa bagaimana pengen berbicara tidak gue depresi tapi tidak jadi akhirnya senyum doang tawa
sembuh,sakit,574,ternyata mandi dan maskeran tidak menyembuhkan depresi aku sugguh sakit untuk aku perut sekarang link
urus,berantakan,575,penasaran banget karena pas jde meninggal reta benar benar depresi sampai anaknya tidak keurus mereka pasti manis banget dulu cuma ya akhirnya pasti nangis tiktok
anime,,585,kalau tidak anime yang ringan ringan tolong saya depresi dengan anime berat
tuju,,587,sangat tidak setuju selalu memendam perasaan itu bahaya kalo masalah dipendam terus lama jadi bukit dan kita tidak tahu kapan bakal pecah dan jadi depresi atau mental sakit lainnya banyak kasus begini tanya psikiater kalo tidak percaya
efek,,591,masalahnya yang aku liat kamu yang depresi dari tadi aku mah baik aja tidak efek juga sih soalnya lawan aku tidak jelas fotonya aja roti kaya tau tidak orang maki orang lain tapi tidak berani menampakkan diri sama kaya apa ya lupa aku namanya orang modelan kaya begitu
orang,,591,masalahnya yang aku liat kamu yang depresi dari tadi aku mah baik aja tidak efek juga sih soalnya lawan aku tidak jelas fotonya aja roti kaya tau tidak orang maki orang lain tapi tidak berani menampakkan diri sama kaya apa ya lupa aku namanya orang modelan kaya begitu
cuman,,614,eh takut banget jujur aku punya sahabat dia rusak rumah dan suka kena kekerasan fisik dari orang tuanya di rumah pastinya stres depresi dan kawan-kawan terus pernah curahan hati dia dadanya nyeri banget dan katanya tidak cuman sekali ya allah
ganggu,,639,lagi dan lagi di sindir masalah bipolar tidak ganggu loh tapi kena melulu kayaknya
betah,malas,644,kamar aku yang berantakan nya dikasur sama di lemari doang sih karena se depresi apapun kalau melihat ada sampah di kamar tetap aja tidak betah liatnya sedih
main,serius,647,tapi mau bagaimana lagi ya agak susah buat benar benar santai di akhir pekan ini justru bekerja di akhir pekan itu menyebabkan risiko terkena depresi loh wah tidak main main sih ini
pikir,,668,dahlah jangan tiap kali ada orang depresi dibilang kurang ibadah kurang salat padahal ya kalau sudah depresi kurasa sudah tidak berpikir ibadah ya karena berpikir dirinya aja susah yang diperlukan cuma teman doang atau paling tidak ya ke psikolog
tahan,goyah,669,omong-omong gue kan sakit tangan seharian terus dikasih obat peredam sakit obat bipolar gue ampe nangis teriak tidak tahan menahan sakit buset ibu gue bilang ini obatnya jam an manjur sumpah asli ini manjur ya allah seneng banget
atur,berantak,670,ciri kurang nutrisi sering lesu lelah loyo pemarah susah bab haid tidak teratur dan terasa nyeri sering terserang flu depresi kurang nafsu makan ingin ngemil terus
teman,musuh,674,berbicara soal buat skripsi dia di suruh sama tante nya buat minta tolong sama temannya untuk di buatkan skripsi tapi katanya dia sudah tidak punya teman lagi ya bagaimana tidak teman nya sudah pada balik haluan alias pulang kampung dan itu yang makin buat depresi
ketemu,pisah,676,seneng banget banget ternyata gue tidak depresi gue tidak harus minum obat gue tidak ketemu dia gue tidak harus pukul gue tidak harus kehilangan teman
saran,larang,680,banyak pelajaran yang bisa diambil tapi bisa memicu banget terutama untuk orang yang melakukan diri menyakiti bunuh diri dan depresi tidak disarankan jika kalian memiliki mental masalah terutama terkait yang telah aku sebutkan sebelumnya mudah terpicu dan sedang tidak baik baik saja
waras,gila,686,sumpah gue sudah tidak waras deh kak depresi banget
fokus,kabur,710,ah anjir setakut itu ketemu hantu masa lalu yang bikin se depresi itu sampai tidak fokus ke semuanya sekarang muncul lagi dan malah mengirim pesan astaga baru sadar dan baru tahu apa harus saya lakukan takut sangat
erti,,714,namun kau tau aku juga harus menolong diriku sendiri karena aku juga merasakan itu semua depresi itu nyata kecemasan itu nyata kesedihan juga nyata aku tidak mengerti apa yang terjadi pada generasi ini
sia,guna,715,tanya lini masa tidak sia sia aku nekad liburan sendiri ternyata melampiaskan depresi di pantai yang sepi itu menyenangkan link
parah,biasa,717,mantan gebetan si tidak sampai ke psikiater di realita tetapi iya kali konsul ke psikolog di halodoc dan ternyata ada kena depresi episode sama kecemasan apa begitu lupa terus yang selanjutnya katanya semakin parah tetapi puji tuhan seperti nya sekarang kondisi aku tidak separah dulu
nyaman,rusuh,728,kalo lagi depresi memang seperti gini rasanya kawan nafas itu susah sangat nyeri dada ditambah mual rasa tidak nyaman di perut sakit kepala lemes sampai mati rasa ini yang hampir gua rasakan tiap hari padahal gua baru tahun
bedah,,731,depresi sama berprestasi tidak bedah jauh kan cup
makan,,734,setiap depresi setelah rusak hati jujur selalu ingat ada allah jadi kayak hari doang tidak makan tidak minum benci diri sendiri sampai mampus nangis nangis
minum,,734,setiap depresi setelah rusak hati jujur selalu ingat ada allah jadi kayak hari doang tidak makan tidak minum benci diri sendiri sampai mampus nangis nangis
hak,,736,kadang ya aku itu kalo aku mau mati bukan berarti aku kaya depresi atau apa tapi lebih ke dunia kayanya tidak berhak aku kaya aku tidak pantas kaya lemah banget sama aku juga capek sama dunia yang begitu melulu tapi kalau nanti aku mati bunuh diri yang ada di neraka di siksa melulu
senang,sengsara,737,gue merasa kosong banget deh tidak tahu apa yang mau gue kejar minat juga tidak ada rela untuk baca buku atau mengambil pekerjaan nol besar mendengarkan musik dan menonton film bosan menggulir twitter tidak semenyenangkan itu lagi ngeri juga kayak orang depresi apa emang lagi depresi ya
sayang,benci,747,perasaan ternyata ada kata yang kita pikir adalah ungkapan perasaan tapi sebenarnya tersembunyi serangan kayak aku merasa kamu tidak sayang lagi dan kawan-kawan beberapa kata yang lebih oke lebih fokus ke individu kita sendiri contoh lemah kesepian cemburu depresi dan kawan-kawan
cuit,,767,wow pengguna lavaquica hari tidak mencuit bukan karena depresi seperti yang sudah sudah tapi karena tumben banget hidup sedang bisa dinikmati
not,,771,lagi depresi tidak dinotis menruinyako
macet,lancar,777,tidak sih tidak macet toh dia pernah sampai jutaan di pendengar spotify itu namanya bukan macet jelas kamu itu cuma manusia depresi sama karier orang sudah benar mending urus karier kamu sendiri
nebeng,pisah,778,tidak sih tidak nebeng juga wong dia lebih dahulu yang diajak dialbum chris yang kasihan elu merendahkan idola karena kamu yang depresi sana idolakan aja yang lain kalo menurut kamu lebih sukses dan sesuai mau kamu
pos,,782,definisi fomo emang ya kudu ada di tiap budaya kalo tidak mempos tidak eksis depresi penyakit anak jaman sekarang
eks,,782,definisi fomo emang ya kudu ada di tiap budaya kalo tidak mempos tidak eksis depresi penyakit anak jaman sekarang
nilai,,791,bagaimanapun lucu fakta ibuku menonton video siniar sama memojok lalu tahu kalau aku patah hati dan depresi disebar di grup keluarga jadi pas kemarin halal bihalal aku dipeluk dicium-cium keningnya terus dibilang tidak apa yang kuat tidak menilai tidak kasar Kata-kata malah mau dijodohkan
kasar,halus,791,bagaimanapun lucu fakta ibuku menonton video siniar sama memojok lalu tahu kalau aku patah hati dan depresi disebar di grup keluarga jadi pas kemarin halal bihalal aku dipeluk dicium-cium keningnya terus dibilang tidak apa yang kuat tidak menilai tidak kasar Kata-kata malah mau dijodohkan
duli,,807,aku keknya harus masa bodoh sih soalnya capek sendiri mengasih tau orang bebal aku nya lama depresi biarkan aja sudah semerdeka kamu saja aku tidak perduli
kontrol,liar,813,lebaran tahun ini cukup menguras emosi jiwa keluarga besar gue sedih sangat lihat keponakan gue cewek tahun yang baru diagnosis bipolar tidak terkontrol siang bahagia sangat karena ketemu banyak saudara sampai dia mengoceh terus sore emosinya meledak teriak histeris ke keluarga intinya bipolar
sindir,,816,sama kaya orang depresi mereka tidak bisa merasakan bahagia dan tidak bisa berpikir jernih saya paham tetapi di dalam ini kasus tidak menyindir orang yang depresi trauma tapi orang yang tidak mau lebaran karena memikirkannya secara transaksi silaturahmi itu tidak guna karena aku tidak butuh dan aku tidak kenal
kenal,asing,816,sama kaya orang depresi mereka tidak bisa merasakan bahagia dan tidak bisa berpikir jernih saya paham tetapi di dalam ini kasus tidak menyindir orang yang depresi trauma tapi orang yang tidak mau lebaran karena memikirkannya secara transaksi silaturahmi itu tidak guna karena aku tidak butuh dan aku tidak kenal
bodoh,pintar,822,tolong dia lucu tetapi kalo kamu lagi depresi dia diam aja tapi tidak apa dia lucu begitu dan agak problematik tapi tidak apa dia dia dia spesialis adiksi seksual dan pernikahan masalah ah dia suka making seks bergurau saya pikir dia juga has a bodoh pola pikir tetapi tidak apa yang penting dia bisa diajak bercanda dan
baca,,843,kadang mencoba tidak baca peringatan karena malas menggulir terus ternyata pas di tengah bab misuh misuh karena isinya bikin depresi
banding,beda,862,benar banget pembenarannya sering kali berbentuk siapa suruh bikin opini jelek ya alah opini jelek itu tidak seberapa menyuarakan opini jelek itu tidak sebanding dengan hancurkan hidup orang mengancam orang tau tau entar dianya kena depresi bunuh diri
nafsu,,866,tidak nafsu sampai badan kurus kering terus dikira diet dan kerja keluar sama teman padahal mah aku depresi
bagus,buruk,884,padahal justru kebalikannya seperti bisa kamu mengimajinasikan cinderella di melecehkan sama ibu tiri dan saudara tiri dari kecil ampe dewasa kalo doi tidak kuat sudah bunuh diri ama depresi itu tapi cinderella tetap makhluk a bagus person meski dia keluarga mencemari dia
suka,benci,893,lipas tidak suka ditinggal sendiri dan merasa depresi jika tidak punya teman
semangat,kecewa,912,intinya mereka motivasi aku mereka aku motivasi banyak orang juga dulu stres depresi merasa tidak aman tidak semangat hidup dan akhir nya mereka hadir di hidup aku yang membuat aku semangat depresi hilang merasa tidak aman hilang cinta banget aduh
bohong,jujur,915,tapi benar kok kalo ada yang bilang tingkat depresi parah dari orang itu pas tidak percaya sama tuhan gue pernah mengalami terus ada orang yang selalu membimbing gue buat selalu ingat allah walaupun gue kekeh gua masih ingat tapi hati tidak bohong terima kasih sangat untuk orang yang pernah bimbing gue
epik,,952,nyawanya hampir hilang semua yang tersisa hanya kumpulan wanita depresi mohon maaf bupen kalo kasih cerita yang manusiawi dikit terlalu banyak penumpukan konflik jadi tidak epik turut berduka bagi terjun bebasnya cerita
tres,,953,baru kemarin membatin sudah lama ya tidak setres lagi tidak depresi lagi eh malam ini mengomongnya pengen mati melulu roda duniaku memutarnya kenceng banget tidak kayak rafathar yang diatas melulu
guk,,959,gemas banget gue liatnya sini gue membantu kamu berdua mati tidak usah menganggui tidak guk yah kamu yang berbuat te tapi kamu juga depresi aduh tepuk jidat gue
kunjung,lambat,964,sepertinya sudah depresi karena bapak tidak kunjung bangkit
apa,,977,tidak apalah daripada dia depresi
harga,,998,kasian banget teman aku depresi gara-gara cintanya tidak dihargai yang sabar ya sahabat karma adalah real
sanggup,kewalahan,1009,bingung persetan aku tidak sanggup aku depresi
demen,benci,1011,aku barusan sangat dengar dan super setuju sempat beberapa tahun tidak demen kpop karena depresi tidak ada hal menyenangkan buat aku terus ketemu svt rasanya kayak pulang dan dikasih obat
patut,jelek,1015,pasti dia tipe tipe yang langsung depresi mental gangguan lalalala ketika ditanya mau kuliah di mana abis itu bikin konten tentang pertanyaan keluarga yang tidak patut untuk ditanya
miskomunikasi,komunikatif,1023,aku masih drop sampai bapak anak itu sudah tidak miskomunikasi lagi depresi banget liat mereka saling salah paham begitu
bawa,lepas,1043,benar dok dulu kalau saya depresi dan sedang bertengkar dengan orang tua saya minggat tidak bawa apa jalan kaki semalaman tidak tentu arah besoknya saya waras lagi dan merasa lebih sehat secara fisik dan mental
karu,,1054,kalo aku jadi mbaknya mungkin aku uda depresi orang kayak gini aja uda tidak karu karuan
paradoks,,1070,seperti a paradoks orang yang lagi depresi sangat membutuhkan koneksi dan dukungan sosial tapi bisa jadi mereka dihindari teman teman karena menyeret suasana sendu dalam pergaulan
tonton,,1085,juve itu ditonton bikin depresi tidak ditonton kangen
kaget,diam,1095,pas adik adik sudah bangun aku cerita kan dan pada tidak kaget ternyata itu suara anak tetangga cewek umur tahun yang maaf mentalnya sudah kena depresi akut dan sering lari larian sambil teriak histeris kasian banget kasian juga orang tuanya anak cewek bontotnya begitu
cepat,lambat,1098,ini aku banget ceoet tidak cepat itu tergantung dosen juga mana diterpa gelombang depresi makin makin deh
pengaruh,,1099,dulu saya pernah kaya begitu dan tidak berpengaruh amat kok malah depresi
rugi,untung,1120,tetap bahagia kiyowo walau ada orang pesan langsung bawa bawa penyakit selama tidak rugikan orang lain tidak usah takut emang kalo lumpuh pakai kursi roda terus ke psikiater karena bipolar kenapa mending mba mas yang punya palsu akun ikutan tidak aku aja ada untungnya link
dadak,perlahan,1139,tidak mendadak psikolog aku sing depresi tawa ya allah amit amit
ngepush,,1140,tidak ngepush kak tetapi memang anaknya insomnia lagi depresi alhasil tidak bisa tidur
asli,palsu,1148,gue merasakan di fitnah sampai rembet kerjaan aja sudah gedek banget ini aib aslinya dibawa sampai kerjaan bisa depresi sih ini dulu itu ada kasus di spill id asli malah bunuh diri warganet tidak pada belajar
cocok,,1190,percakapan tentang asuransi jiwa teh enggak bisa enggak gelap yah orang yang gampang depresi tidak cocok jadi agen asuransi jiwa kayaknya
ramah,kaku,1198,beli buku ini karena ketakutan dan kepikiran jangan jangan stresku tahun terakhir bisa berujung depresi tahun terakhir hidup sangat tidak ramah di kehidupan pribadi keluarga maupun kerjaan cobaan datang tidak pakai jeda dan sangat berpengaruh ke kesehatan mental dan jiwa
tenang,bising,1200,asli selama ini justru yang menyebabkan perasaan hati sama keadaan tidak tenang dan bikin depresi karena hal hal kaya gini yang seharusnya kita tidak tahu tapi tanpa kita mau malah dia menyodorkan agar kita tau
asih,,1222,saat orang lain bicara masa kecil mereka atau tiga tahun kebelakang gua tidak bisa menceritakan kaya mereka seolah memori gua kebelakang sebelum gua depresi itu hilang semakin gua ingat otak gua tidak mengasih gua info tapi hati gua kaya benar menyesakkan dan sakit
ken,,1232,oh ternyata gini rasanya depresi sampai pengen mati tetapi tidak pengen bunuh diri cuma waktu tolong stop
dukung,lawan,1257,justru karena semua orang tua tidak kaya begitu orang tua seperti ini harus dihentikan mbak yang cantik sekali ya tuhan kecil tawa tolong lakukan milkmu riset karena sebagai informasi banyak remaja yang depresi akibat keluarga yang tidak mendukung kekerasan dalam rumah tangga orang tua yang terlalu protektif nya tergolong racun seperti ini
rasa,,1261,enak sangat ya hidup kamu tidak pernah merasakan tekanan sebesar itu dengan seenaknya bilang remaja di keluarga racun itu sedikit yang depresi gue tanya ini kamu pernah tidak merasakan tekanan itu
kacau,rapi,1301,ditunda dahulu ketemu jaehyun ya tawa sebenarnya aku tidak yakin tahun depan bisa sampai tahap yang sama apa tidak kacau naik setiap sialan kesempatan itu bikin depresi ya masih sedepresi itu kalo buka email link
baja,,1304,iya ya kalo diingat lagi tahu berdeham banyak menceritakan tentang depresi dan sejenisnya makanya banyak tahu berdeham yang aku drop bacanya atau perlu rehat bacanya karena mentalku tidak sebaja itu apa tahu kopel lain juga seperti gini juga kalo iya sudah ada yang salah sama dunia ini
mulus,kasar,1318,bocah yang lagi depresi dengan pada point meski cuma duduk itu kek memberi dampak sangat buat penampilan selanjutnya mendukung sangat makanya aku pilih tim ini jadi tidak nah tidak mulusnya itu ada di minyoung ini tidak tahu itu bagian dari rencana mereka
dengar,,1350,untuk tuhan sake itu kedengarannya seperti itu kata orang yang pernah depresi nangis tidak dengarnya link
gapai,gagal,1366,pengen ada target takut berpikir berlebihan dan depresi kalau tidak kegapai tetapi kalau biarkan itu mengalir hidup kaya begitu begitu aja apakah ini kehidupan krisis seperempat juga
marah,senang,1408,kamu kok bipolar tidak marah kaya marshanda dulu sih tidak gila an kaya dia sayang watak gue tidak sejelek itu sampai marah gue masih punya kontrol diri yang kuat buat tidak marah marah dan gue dalam kontrol obat an dan gue tidak gila ya bangsat
gila,normal,1408,kamu kok bipolar tidak marah kaya marshanda dulu sih tidak gila an kaya dia sayang watak gue tidak sejelek itu sampai marah gue masih punya kontrol diri yang kuat buat tidak marah marah dan gue dalam kontrol obat an dan gue tidak gila ya bangsat
jelek,bagus,1408,kamu kok bipolar tidak marah kaya marshanda dulu sih tidak gila an kaya dia sayang watak gue tidak sejelek itu sampai marah gue masih punya kontrol diri yang kuat buat tidak marah marah dan gue dalam kontrol obat an dan gue tidak gila ya bangsat
pura,nyata,1409,orang tidak pura pura depresi mereka pura pura baik baik saja ingat itu berbaik hatilah ramonpapanahumormastery link
gin,,1412,valid sangat dik kalo tidak gini bisa bisa depresi lebih dahulu ya semangat sangat buat mulfand
ukur,,1421,depresi semakin memahami ekonomi politik sistem keuangan dunia beserta inflasi dan lain-lain biasanya orang jadi agak depresi banyak tidak adilnya dan kekejaman terjadi di dunia dan penguasa besar tampaknya enggan digeser posisinya untungnya kebanyakan orang tidak seukuran itu gampang menyerah link
dar,,1473,berdeham banyak agensi kecil yang tidak cuma agensi idola yang jual jual artisnya biar dapat sponsor atau tidak sekedar bisa tampil di media banyak kasus artis depresi karena hal hal ini tetapi ya bagaimana sisi gelap mereka ketutup sama gemerlap tenar dunia hiburan
baharu,lama,1474,kasih tau mel tawa sudah tidak memperbaharui eh sok tau pula dan sekarang dia bilang kita lupa kalo yeaji sudah buat kakaknya depresi dan mau bunuh diri eh apa eh
beres,belum,1480,wah memang tidak beres sih ini orang asli jahat sangat ketikannya doakan anak sama ibunya kayak mengutuk orang begitu emang dengan dia mengomong begitu terus dari pihak dia menang begitu dapat hadiah begitu apa bedanya dia sama knetz yang komentarnya bukan depresi orang
alami,,1484,kenapa siapa murung momen bawa aku keingatan kamu dengan penuh harap semoga kamu tidak mengalami masa depresi untuk hal apapun
manusia,binatang,1491,suami hilang mertua balik depresi anjir gue tidak tahu ada tidak manusia sekuat andin di muka bumi ini
tinggal,pergi,1507,sekuat itu banyak orang kalau marah justru bikin orang lain depresi tapi sama aja kalau terlalu diam juga menyakiti tapi lebih baik orang diam aja seenggaknya tidak meninggalkan luka tambahan buat orang lain
nali,,1520,oke aku akan menguati diri buat menonton pola pikir karena jujur pasti banjir sangat mendengarkan jayb cerita selama di jyp bikin dia depresi dan tidak mengenali dirinya sendiri link
laku,bangkrut,1536,tawa bukan halusinasi lagi sih kalo ini depresi tidak laku makanya mengaku jadi selingkuhan
sesal,puas,1538,diganti tahun ini bisa tidak penyesalan sangat berat sampek depresi adalah keluar magangan tawa
keren,jelek,1553,setelah mengaku introvert sudah tidak keren lagi sekarang mengaku depresi bisa bikin keren
normalisasi,,1563,pengen sangat bilang bu aku not baik tetapi karena ibuku tidak menormalisasi mental kesehatan jadi takut nanti ujungnya malah bicarakan hal spiritual padahal depresi tentang mental not spiritual
hilang,temu,1566,depresi bukan gila seseorang yang depresi terbentuk dari sekumpulan rasa sakit yang berasal dari masa lalunya dia tidak kehilangan kesadaran hanya tidak bisa mengendalikan emosi pikiran dan kecemasannya link
rundung,,1575,hiya hiya hiya jadi orang jelek itu kalo tidak dirundung ya jadi pelawak minimal selera humor tinggi walaupun aslinya depresi
abis,sisa,1576,kalo teman aku soal depresi sampai tidak abis pikir kok bisa begitu
ambil,buang,1584,lebih depresi tidak mengambil tix atau di hapus orang kak
sengaja,,1624,ketika kamu lagi menikmati liburan keluarga yang bahagia dan tidak sengaja baca obrolan bapak kamu sama selingkuhannya dasar bapak tua beban kontol kesian ibu gua dah jadi alasan gua bipolar tahi anjing mengulah lagi si tahi sekarang hidup penuh depresi seandainya bisa mati cepat
boleh,larang,1637,dan resiko dari menguras pikiran itu ternyata tidak baik untuk kesehatanku dan mungkin karena banyak terkena tekanan saat rusak rumah depresi hingga pernah kepala terbentur keras aku terkena radang saraf otak hingga tidak dibolehi banyak pikiran
cerita,,1648,apa ya mamaku bilang bukannya tidak mau mendengarkan ceritaku tapi bingung mau kasi menaggapi yang bagaimana pas diberi curahan hati orang depresi akhirnya biar sama nyaman aku tidak cerita lagi ke mamaku dan lebih memilih cerita ke psikiater mamaku dukung dengan memasaki kesukaanku dan temani aku menonton
tenggelam,muncul,1661,lagu lagu grup musik asal malang ini konsisten di lirik lirik pembangkit semangat pantang menyerah dan sebagainya dan sebagainya pokok bawaannya ingin banting pot bunga punya mama di depan rumah biar tidak tenggelam dalam lubang depresi cie
omong,,1675,maaf nimbrung emang benar kok kalo hidup emang sudah sepaket dengan mati bahkan orang depresi pun sadar kok kalo hidup ujungnya mati ini tentang mental saja sih kadang kan mental orang berdandan tidak ada yang tau dia lagi keadaan baik atau tidak omong-omong buat kamu tetap semangat terus ya jangan cape berjuang
wajar,aneh,1686,iya anjir gue bingung itu bocah pada rela begituan karena ada masalah cinta kalo cinta tidak wajar kalo soal keluarga mah menurut gue depresi karena keluarga mah bisa jadi
hasil,gagal,1726,psikolog kalo tidak berhasil menyembuhkan pasiennya ikutan depresi tidak ya terus kalo depresi berobatnya ke psikolog lagi kah kalo psikolog yang menyembuhkan psikolog yang depresi tidak berhasil bagaimana ya
alam,,1739,orang yang hidupnya banyak masalah banyak solusi banyak masalah banyak pengalaman hidup sedikit masalah belom apa stres sedikit masalah tidak pengalaman sama lika liku hidup begitu ada masalah dikit langsung depresi terus gila sendiri
olahraga,,1744,yang olahraga benar sih sudah lama tidak olahraga yang depresi tidak tahu
hancur,utuh,1755,orang yang bicara kebebasan hanyalah orang yang depresi akibat tekanan dalam hidupnya bagi orang yang beriman kebebasan seseorang dapat membelenggu kebebasan orang lain oleh karena itu agama lebih mendahulukan kewajiban agar kebebasan individu tidak menghancurkan kerukunan
coba,,1764,magic toko lagu berjuta makna kesimpan disitu semua dari perjuangan yang melelahkan dari cape depresi frustrasi nya hidup berasa dirangkul bangtan dan disemangati dinasehati tidak apa sedih asal jangan menyerah alasan album ini spesial karena bts lama tidak coba dan album ini
menapik,,1774,meskipun ada ayatnya tidak menapik kemungkinan kalau ada orang yang tidak kuat menerima cobaan sampek depresi gila stres tetapi anak jaman sekarang suka diri diagnosis dikit tidak baik buat mental dikit mental sakit periksa dahulu ke psikiater benaran kena mental kagak jangan cuma manja aja
perawan,,1782,pernah berada di fase depresi karena tidak perawan lagi tapi ya namanya hidup menyesal iya tapi jadikan pelajaran aja merasa tidak suci tentu tidak menyesal karena kasih ke orang yang tidak tepat bukan menyesal atas keputusan melakukan berhubungan seksual kalau aku begitu ya
suci,kotor,1782,pernah berada di fase depresi karena tidak perawan lagi tapi ya namanya hidup menyesal iya tapi jadikan pelajaran aja merasa tidak suci tentu tidak menyesal karena kasih ke orang yang tidak tepat bukan menyesal atas keputusan melakukan berhubungan seksual kalau aku begitu ya
izin,larang,1783,orang yang tinggal di swiss bisa depresi tidak ya kok kayanya alamnya tidak mengizinkan buat sedih
lampias,tahan,1811,kalo misalnya stres atau lagi terpuruk bisa tidak sih tidak melampiaskan rasa stres dan lain-lain itu tidak ke gue beban hidup gue sudah berat ditambah kamu melampiskan hal itu ke gue lama depresi aku meningkat
terima,tolak,1812,jangan cuman sibuk terus berdoa minta diluluskan tapi juga berdoa buat dikasi ikhlas dan lapang hati kalo tidak diterima biar bisa terima kenyataan kalau tuhan punya seribu rencana yang jauh lebih baik kalo terus berpikir seperti ini bakalan benaran stres depresi kalau tidak lolos
lolos,sangkut,1812,jangan cuman sibuk terus berdoa minta diluluskan tapi juga berdoa buat dikasi ikhlas dan lapang hati kalo tidak diterima biar bisa terima kenyataan kalau tuhan punya seribu rencana yang jauh lebih baik kalo terus berpikir seperti ini bakalan benaran stres depresi kalau tidak lolos
suasana,,1814,selamanya senin dari penulis indonesia ruth priscilia asli bikin depresi berminggu minggu sampai tidak suasana hati baca apa apa lagi
hendak,urung,1818,kim ji yeong bacanya bikin rada emosi sumpah patriarki di korea kuat juga ya aku sebagai perempuan bisa rasakan bagaimana perasaan ji yeong yang dibatasi serta harus menurut sesuatu yang dia sendiri tidak hendaki perkara karena perempuan nya dan akhirnya dia jadi depresi sesak banget
rumit,sederhana,1830,saudara sudah mau depresi mengabdi tahun di pemerintah kota bandung sudah coba cpns tidak lolos kali dulu dijanjikan ada pengangkatan tetapi tidak ada sekarang sudah kepala anak honorer mau dihapuskan apa tidak rumit
media,,1880,tawa terbahak terus kalo tidak media sosial aku aku harus bagikan kemana kamu mau mendengarkan tidak tiap kali aku depresi kan tidak anjing link
anjing,,1880,tawa terbahak terus kalo tidak media sosial aku aku harus bagikan kemana kamu mau mendengarkan tidak tiap kali aku depresi kan tidak anjing link
hapus,,1906,kayanya mew metawin dengan his bersih terlihat akan cakep jadi loki tay tawan berdeham dia bisa jadi ant man tawa lalu cerah akan menyebrang ke tetangga sebelah menjadi brightuce wayne bayangkan doi pakai penghitam mata yang tidak dihapus dan luntur ke muka karena hujan dan tampak depresi
ganti,tahan,1907,kekosongan itu sendiri sepengalaman aku liat orang yang ditinggal meninggal emang benar kacau banget hidupnya setelah ditinggal depresi juga karena dia tidak mau terusan begitu jadi dia berusaha memulai hidup yang baru dengan harapan bisa mengisi rasa kosongnya itu meskipun tetap tidak tergantikan
heran,biasa,1930,bukan tapi rumah penyiksaan istri makanya tidak heran banyak perempuan alami depresi setelah menikah
lupa,ingat,1932,oh anjing kaget sangat dikira kena tidak lupa lagi persetan depresi
cerah,gelap,1947,masa depan cerah tetapi filmnya tidak cerah depresi semua
ikut,diam,1948,maaf ya yang tidak keikut aku depresi jadi lupa suka makan apa
kasi,,1966,aldebaran liat tidak kamu ibu kamu depresi tidak kasian ikatancintaep
bagi,,1993,depresi tidak kebagian slot mf
kosong,isi,2040,selalu merasa tenang tiap minum anti depresi tapi kosong selalu campur aduk juga rasa nya kalau tidak minum anti depresi tapi tidak kosong bisa berekspresi dan itu enak banget auk ah
pacar,,2042,mungkin gini kali ya si a pacaran sama si b terus orang tua si a jodohi a sama c terus nikah nah kegelisahan itu kan terus di tengah a selingkuh sama si b balikan lah ketahuan sama si c si c depresi terus habis itu bunuh diri terus s sama b bersama deh hepiend begitu tidak sih
jodoh,,2042,mungkin gini kali ya si a pacaran sama si b terus orang tua si a jodohi a sama c terus nikah nah kegelisahan itu kan terus di tengah a selingkuh sama si b balikan lah ketahuan sama si c si c depresi terus habis itu bunuh diri terus s sama b bersama deh hepiend begitu tidak sih
selingkuh,setia,2042,mungkin gini kali ya si a pacaran sama si b terus orang tua si a jodohi a sama c terus nikah nah kegelisahan itu kan terus di tengah a selingkuh sama si b balikan lah ketahuan sama si c si c depresi terus habis itu bunuh diri terus s sama b bersama deh hepiend begitu tidak sih
isi,,2043,tidak isinya depresi twitter semua
problem,solusi,2066,sumpah sakit banget sesak sialan tidak kuat aku she benar tidak mendukung gue sama dia dan dia malah berusaha melupakan wtff sakit banget tetapi tidak problem gue ya gue sakit sedih galau depresi stres pusing sesek itu adalah okeyy
hard,,2077,saat aku bilang aku murung dia bilang aku kurang bersyukur dia mengatakan kalo hidup yang kayak aku keluarga baik karier baik gini depresi itu namanya kurang bersyukur saya memiliki nothing untuk mengatakan aku merasa tidak punya hak untuk membela diri karena aku tau she lives a hard kehidupan
tidur,bangun,2078,ada yang kebangun karena kebiasaan sahur ada pula yang kebangun karena ada pula yang tidak tidur karena stres depresi
link,,2083,alami depresi hingga nyaris bunuh diri artis ini mantap pilih murtad hops id link link
aktif,pasif,2115,cari meme dan mengeluh kalo tidak aktif berarti lagi tidak depresi
mati,hidup,2134,betul tetapi keknya deokim tidak bakal mati kalau anaknya tidak mati karena yang bikin dia dead kan depresi akibat anaknya seketika meninggal
adli,,2146,maaf deh memang tidak adli doang yang sih kaya gini sebagian besar orang depresi melakukan hal seperti ini juga tetapi coba buat berpikir panjang kamu masi dikelilingi orang yang sayang kamu toh kalau orang sekitar kamu tau kamu kaya gini apa mereka tidak sedih begitu
cape,kuat,2166,ternyata saya tidak cape tidak depresi saya hanya suntuk karena besok tanggal
rokok,,2170,merasa kecewa sama diri sendiri gua dari dulu benar jaga kesehatan terutama tidak merokok tapi gua yang bukan perokok benar jaga paru gua malah dikasih penyakit di pernapasan benar depresi sangat perjuangan gua berasa sia
diam,gerak,2186,memang awalnya aku kecewa adanya jumping waktu apalagi mengorbankan bayi kesayangan tapi setelah dipikir ini adalah cara terbaik supaya tidak diam ditempat dan perlahan dari segi alur sudah lumayan kecuali acs Â¹mama rosa tidak depresi lagi reyna bisa tersenyum lagi ikatan cinta
wahu,,2202,tidak wahu kenapa tapi kayaknya si cewek sudah ada cowok jadi harus merelakan dan kangen masa pas masih berteman menyakiti road begitu lebih ke depresi dan stres right melalui aku begitu sedih abis diputuskan sayang zombie begitu buat orang yang cape sama semuanya dan merasa seperti zombie related pada aku link
ragu,yakin,2205,jujur agak bingung kyohwan hyunbeen sebagai pemeran utama kenapa akting kurang disorot ya oh ternyata emang celahnya di episode akhir terutama episode akting tidak diragukan lagi benar menggambarkan orang tua yang depresi karena kematian anaknya yang terpaksa pisah karena keadaan link
pihak,,2232,panas karena dunia tidak berpihak padaku aku depresi
mal,,2264,masalahnya anaknya tidak dekat sama aku mengatakan halo aja tidak minal aidzin aja tidak tetapi dapat untung dari ayah ya kan hikshiks iri aku ya memang punya bipolar tetapi ya usaha tidak sih buat sembuh lah aku mau lulus aja masih pengen study aboard memang dari dahulu itu apa harus menjukkan sendiri
pulang,pergi,2278,kemarin pas di fs ritsu dia tidak pulang pulang aja aku sudah aba aba depresi untung diajak pulang sama ritsu
daring,luring,2319,maaf kawan ribuan tahun tidak daring dan tidak sempat minal kembali ke fitrah soalnya aku depresi tapi minal kembali ke fitrah mohon maaf lahir dan batin
timbul,tenggelam,2329,iya cepat tonton sangat seru dan tidak menimbulkan depresi pada lease sampai episode
progres,stagnan,2348,nah keknya aku pernah mengalami ini deh pas masih aktif kuliah tawa itu bagian dari proses dek yang penting kamu terima semua yang tuhan kasih ke hidupmu tetap bertahan jangan sampai masalah keluarga ini jadi alasan untuk tidak berprogres pilihan anak brokenhome cuman bertahan atau depresi
scudetto,,2356,kalo tidak scudetto radu depresi sangat kayanya kehilangan point vital lawan bologna karena dia
jago,payah,2361,ya tapi itu yang terjadi kroyokan depresi lawan tidak jago bela diri link
selesai,mualai,2363,rasanya mental fisik sama pikiran gara-gara masalah dimulai awal des tahun lalu tidak selesai dan bikin depresi
tanggung,lepas,2405,banyak kebutuhan gaji gue masih kecil karena kerja juga belum lama gue ampe stres cerita ke orang tua mereka juga tidak bisa bantu gue ampe sempat mau bunuh diri depresi gue kumat menangis kejer malam saking stres nya memikirkan gue bayar utang orang yang tidak bertanggung jawab itu pakai apa
bahas,,2410,kesel pasti tawa tidak bahas bipolar malah kek cuma tantrum tidak jelas terus akhirnya tawa aneh
diagnosis,,2419,teman gue tidak tahu kenapa memperbaharui nya galau terus kek disakiti cowok sekarang pembaharuannya tentang bipolar terus dia merasa dia bipolar kok malah pengen ya padahal ke psikiater aja tidak diagnosis teori dari google kali ya heum
syukur,kufur,2433,jadi kalo saya lagi buat cerita kek galau dan depresi sebenarnya saya cuma mau mengeluh aja bukan artinya tidak bersyukur ya kawan ya saya tau kok saya ini lebih beruntung dari kebanyakan orang dan saya bersyukur buat itu terima kasih ya universe keknya lumayan banyak yang mau diposisi saya
kambuh,sembuh,2444,orang yang lagi depresi itu tidak punya kapasitas untuk menguruskan orang lain menguruskan diri sendiri aja susah kasian anaknya kalau di seonah jangan cuma liat pas dia lagi tidak kambuh pas barang anaknya kalau dia pas lagi kambuh terus shut turun bahkan tidak bisa ks makan anaknya bagaimana jadi child neglection kan
becus,,2486,ada kepikiran tidak sih kalau kamu nikah terus punya anak kamu bakalan cuman menambahi orang depresi di bumi ini karena kamu yang tidak becus mendidik anak
nyenyak,insomnia,2495,tapi jujur kalau stres bisa aja loh tidak tidur lebih dari hari aku pernah depresi entah kenapa bisa tidak tidur seminggu ya meskipun aku paksai buat tidur kek cuma sejam dua jam per hari itupun tidak nyenyak dan pasti kebangun terus ditambah tidak nafsu makan sama sekali
canda,serius,2515,padahal penyakit mental tidak sebercanda itu pengobatannya lama banget dan perlu dukungan orang sekitar tidak jarang keluarga ikut burn keluar juga karena ini perjalanan yang panjang dan melelahkan adikku bipolar dan ada potensi ocd butuh waktu lama buat dia berani bilang ke orang
jarang,sering,2515,padahal penyakit mental tidak sebercanda itu pengobatannya lama banget dan perlu dukungan orang sekitar tidak jarang keluarga ikut burn keluar juga karena ini perjalanan yang panjang dan melelahkan adikku bipolar dan ada potensi ocd butuh waktu lama buat dia berani bilang ke orang
pegang,lepas,2532,sempat depresi kena spook di kasihan sempat libur tidak memegang genshin semingguan soalnya sudah stres kerja stres genshin pula ternyata akhirnya dapat venti terus pas sudah kurang hari bannernya hilang elegy juga balik worths dari itu stres lah ya
valid,palsu,2542,mending langsung psikiater aja tidak tawa orang mah percaya tes kesehatan mental yang di youtube berdasarkan point padahal itu tidak valid yang lebih tau ya yang ahli kek aku kemarin aku kira aku baik aja cuma stres karena skripsi ternyata memang ada depresi ringan
tanam,cabut,2547,gue tidak menanam tetapi kok depresi ya
beli,jual,2556,kemarin ke gramedia pengen beli diri peningkatan tapi tentang depresi pas mau bayar malu diperlihatkan jadi tidak jadi beli sekarang menyesal kenapa tidak beli
suramji,,2561,tidak suramji lebih ke depresi
religius,sekuler,2563,tapi untuk psikolog juga baiknya jangan apa apa diarahi ke agama capek dan kesal gue waktu depresi tiap konsultasi beda beda psikolog akhirnya dikasihnya cuma mendekatkan diri kepada tuhan akhirnya gue harus cari psikolog yang tidak sereligius itu baru bisa terobati
motivasi,demotivasi,2564,kamu pikir gue seneng dan bahagia terusan kontak sama kamu ya enggak sebagian besar saya rasa sad hingga berujung depresi kecemasan dan tidak termotivasi mengikuti aku around seperti neraka
cinta,benci,2579,keegoisan dia yang tidak mau saling terbuka tidak mau jujur terus manipulatif disaat dia tau separah apa depresi gua dan ada orang lain yang memang dia sembunyikan tawa ya pantas sih dari november sudah berubah dia sudah tidak cinta gua tawa bangsat
konsul,,2584,kadang suka kesel sama orang yang tiba bilang dia punya ocd bipolar tapi tidak konsul psikolog maaf untuk mengatakan tapi setelah gue liat dan bandingkan sama buku pedoman psikologi yang dikasih dosen apa yang kalian baca di tiktok atau google itu tidak valid
cermin,,2609,kesehatan mental depresi ide bunuh diri kekerasan fisik kematian harap diingat bahwa meskipun karakter bu menggunakan nama asli anggota ceritanya sepenuhnya fiktif dan tidak mencerminkan kehidupan mereka yang sebenarnya
sesuai,kurang,2636,saja penyakit nder jangan sombong nanti kalau hasil tesnya tidak sesuai ekspektasi nangis depresi mau bunuh diri ato termyata tidak berani tes terus kalau tiba ditengah jalan drop taunya sudah masuk icu termyata sudah masuk fase aids pikirkan lagi nder sama tindakan kamu itu kalau tidak safety
safety,bahaya,2636,saja penyakit nder jangan sombong nanti kalau hasil tesnya tidak sesuai ekspektasi nangis depresi mau bunuh diri ato termyata tidak berani tes terus kalau tiba ditengah jalan drop taunya sudah masuk icu termyata sudah masuk fase aids pikirkan lagi nder sama tindakan kamu itu kalau tidak safety
gemar,,2666,cie si akun asli lambe agnezmo mengikuti nikita mirzani cie munafik ah oh apa bipolar kompak ya penggemar agnezmo ini kadang kadang ya bagaimana tidak penggemar sama agnezmo intro dia aja kadang kadang meniru nikita di youtube link
asi,,2668,dramanya bagus banget adegan tentang ibu yang depresi karena kehilangan anak ini terkait banget depresi emang kayak begitu rasanya ngeblank tiba nangis tiba dulu pas gagal asi untung suami bilang tidak papa tidak asi tidak papa sufor juga tidak papa yang penting sehat link
paham,bingung,2678,biarkan stephanie keren tulus keren yang tidak keren dia jaga jamban kesepian jadi modal opini abaikan aja sudah kalah telak dia kasihan emang depresi tidak paham sistem chart taunya sistem jaga jamban dan bersihi jamban pakai muncungnya
kalo,,2708,shin min ah berhasil sangat memerankan min seon a yang depresi sedihnya dapat keselnya juga dapat ya ampun aku jadi kesel lama sama seon a kalo dia sedih melulu bagus pekerjaan shin min ah
apple,,2711,dok yang aneh dia bandingkan dirinya sama mou di roma tawa tidak apple untuk apple tawa kayaknya sudah mulai stres apakah di dalam slah satu tanda depresi
gagal,berhasil,2716,duh sedih banget kita blues episode pas shin min a gagal dapati anaknya karena ibunya ada sakit depresi padahal obat agar tidak depresi ya bersama anaknya juga serba salah ikut nangis terbawa emosi
langsung,tunda,2723,kenapa sih tidak langsung berbicara kita kena apa aku juga jengkel soal ini kak awalnya aku tidak tahu kalau sudah kena penyakit mental kemudian pas datang lagi arahnya ke gangguan depresi semakin ke sini lebih ke arah panik cemas dari gejala yang kucocokkan di internet
dosa,pahala,2734,jika bunuh diri itu tidak dosa maka sudah dari dulu aku melakukan bunuh diri aku bisa bertahan sampai pada tahap ini karena orang tua mental aku sudah hancur gara-gara kalian kalian hanya tau aku versi yang susah ditanyakan padahal aslinya q di kamar depresi dan nangis setiap malam
kutik,,2755,kalo gue punya bipolar benaran gue langsung diam tidak berkutik sumpah
komponen,,2761,aku tak suka salahkan bipolar untuk sume benda tapi bipolar itu penyakit mental dan otak aku la yang kawal tangan kaki aku semua ini itu sugguh a komponen di dalam itu komentar sistem
jadi,batal,2762,kenapa allah kasih cobaan yang berat sama aku ya berat banget rasanya lelah dan ingin berhenti bisa tidak ya kalo waktu puter balik dan bisa ubah lagi biar tidak kejadian ini cuman bisa nangis lelah rasanya sudah tidak pengin hidup depresi banget
pengin,,2762,kenapa allah kasih cobaan yang berat sama aku ya berat banget rasanya lelah dan ingin berhenti bisa tidak ya kalo waktu puter balik dan bisa ubah lagi biar tidak kejadian ini cuman bisa nangis lelah rasanya sudah tidak pengin hidup depresi banget
gerah,dingin,2765,mandi biar tidak gerah mandi biar tidak depresi
simpati,apatis,2779,maaf banget tapi aku tidak simpati sama sekali sama seon ah yang egois dia itu sakit dia depresi harusnya fokus pengobatan supaya sembuh si anak jadinya cuman liat sisi terburuk ibunya sumpah bahwa young kiddo jangan berhak ini pada semua bayangkan anak sekecil itu tangannya link
trauma,,2780,bulan lalu berbicara ke administrator tercinta aku itu sudah sembuh kok tidak trauma lagilah pokoknya sebelum lebaran relapse ke psikiater gangguan depresi berat dan gangguan cemas tawa memang tidak boleh takabur jadi orang
realistis,idealis,2796,ya dari awal cerita emang sudah tidak realistis sih jadi mau bagaimana lagi emang wep bagus sih pengambilan cerita depresi setiap karakternya aku suka tapi sayangnya ceritanya yang tidak konsisten dan malah kemana mana kayak tiba tiba ada scifi nya
ideal,cacat,2803,rek info cara serius biar saja rada kuru mang besok timbang beratku sudah tidak ideal soal e jangan saran stres patah hati depresi dan lain-lain soal e sudah di tahap itu
luput,ingat,2830,gampangnya gini tentu tidak semua orang mau aib atau kesalahannya terbongkar jadi wajar aja disembunyikan kejahatan perang itu pasti ada efek dari depresi dan rasa benci terhadap musuh extrajudicial killings terhadap apa pow salah satunya sipil juga tidak luput jadi korban
funeral,,2890,ini kayanya sudah stres sudah capek sudah depresi sudah tidak tahan lagi gua harus bagaimana lagi sayang sama diri sendiri dan semangat apa lagi yang di butuhi berdoa untuk kamu bahwa ini month there will menjadi tidak funeral
mewek,senang,2892,niatnya sih cuman meluapkan marah aja malah jadi putus benaran bagaimana tidak mewek coba tetapi ya sudah mungkin sudah saatnya buat rehat mengembalikan jati diri kebetulan sebelum itu ada problem yang membuat depresi
umur,,2897,halo perkenalkan aku p umur aku tahun dan kenalkan juga a umur tahun dia orang yang bikin aku menderita selama ini dia orang yang bikin aku trauma sampai aku depresi dan bulak balik psikiater disini aku mau cerita tentang kelakuan si a ke aku dan aku mohon sangat buat bantuan kalian
tarik,ulur,2924,apalagi yang sekarang yang mba depresi ditolongi orang masa lalunya tidak menarik
temu,,2926,aku depresi cari foto renkyung yang di idola ruang kalo tidak salah yang selca menyelami mediamu tidak menemukan menemukan
tanggap,,2928,waktu bimbingan tesis gue cerita soal teman yang schizophrenia dan bipolar ke dosen pembimbing gue gue bilang gue suka tulisan teman gue yang mental ill itu menurut gue lucu dan seru dosen pembimbing tulisannya di mana koran jurnal aku oh tidak bu status facebook bu dosen pembimbing diam tidak menanggapi aku lagi
manja,mandiri,2937,mental kesehatan kesadaran kampanye nya sudah bagus tetapi tolonglah tidak usah berlebihan dikit menulis status murung sedang dirawat di rumah sakit semoga lekas sembuh aku tetapi sebelumnya mempos cerita pamer buka puasa bersama saldo tabungan kamu bukan depresi kamu itu cari perhatian saja tau tidak manja amat mengaku depresi
ngememe,,2948,kalau tidak ngememe ya pengen ngewe depresi pengen mati dah itu tambahannya paling mangan tidur gini amat
wonder,,2949,menggulir foto lama di instagram saya looked jadi hebat kembali kemudian tidak wonder dulu dikejar kejar sampai nangis tangisan setahun kemudian ketika saya looked jadi lifeless karena depresi orangnya langsung menghilang menghindar tawa mas mas
odmk,,2956,pantas lgbt jadi odmk orang dengan masalah kejiwaan yang artinya mudah untuk depresi dan mengalami gangguan jiwa bagaimana tidak odmk diserang terus bos nanti kalo sudah bunuh diri lgbt lagi yang disalahkan kasian benar nasib lgbt tawa
renti,,2973,dahulu aku tidak suka sekolah menengah atas bangtan tetapi gara-gara lagu bwl aku mendadak ingin tahu berlebih dan ingin tahu berlebihnya tidak berenti sampai aku jadi army satu yang buat jadi makin cinta adalah karena bangtan lah yang menemani aku selama aku depresi lagu mereka jawaban mereka di sesi wawancara yang buat mentalku membaik
buru,santai,3001,bulan knight secara keseluruhan bagus sih jalan ceritanya tidak buru buru banget tidak memaksakan dan tidak bikin bosan juga yang susah cuman itu adalah based pada a hard topik yang adalah bipolar dan thats a bit hard dari a topik tapi pembawaannya juga dijelaskan dengan jelas dan rinci link
paksa,biar,3001,bulan knight secara keseluruhan bagus sih jalan ceritanya tidak buru buru banget tidak memaksakan dan tidak bikin bosan juga yang susah cuman itu adalah based pada a hard topik yang adalah bipolar dan thats a bit hard dari a topik tapi pembawaannya juga dijelaskan dengan jelas dan rinci link
bit,,3001,bulan knight secara keseluruhan bagus sih jalan ceritanya tidak buru buru banget tidak memaksakan dan tidak bikin bosan juga yang susah cuman itu adalah based pada a hard topik yang adalah bipolar dan thats a bit hard dari a topik tapi pembawaannya juga dijelaskan dengan jelas dan rinci link
topik,,3001,bulan knight secara keseluruhan bagus sih jalan ceritanya tidak buru buru banget tidak memaksakan dan tidak bikin bosan juga yang susah cuman itu adalah based pada a hard topik yang adalah bipolar dan thats a bit hard dari a topik tapi pembawaannya juga dijelaskan dengan jelas dan rinci link
divalidasi,palsu,3035,itulah mengapa penderita depresi diam diam menghanyutkan perasaannya tidak divalidasi link
kumpul,pisah,3060,makanya orang kadang stres depresi berpikir berlebihan itu karena terlalu mengacukan standar gaya hidupnya sekolah menengah atas apa yang dia liat hari media sosial melihat orang berkumpul hari mana kalau tidak berkumpul dia merasa ketinggalan padahal kan tidak apa menjadi dirimu
perang,damai,3085,karin kan bipolar suasana hati swing jadi kalo kamu tidak dekat sekolah menengah atas dia ya bakal mengatakan pribadinya beda karena aku juga begitu ini akun tidak perang tidak dapat makan tolong deh neti tidak perlu asal ketik
cari,,3094,terus sempat tidak cari tau lagi lebih lanjut karena sibuk kerjaan sama waktu itu aku juga depresi sampai akhirnya salah satu temanku mengenali bangtan secara tidak langsung sebenarnya sudah dari sekolah menengah atas cuma aku baru cari tau lebih jauh lagi tentang bangtan itu di tahun
takut,berani,3095,salah strategi mungkin lebih dikesankan aura optimisme jangan depresi melulu biar wanita incaran tidak takut dan creepy
pdo,,3097,yah tidak pdo sepencundang elu yang bipolar sih kayaknya aku harus belajar ma kamu deh
empati,antipati,3156,aku ingat ini masnya yang pernah cuitan tidak empati sama ibu depresi yang menggorok leher anak kandung waktu itu
dragon,,3158,eh jangan salah dia dikritik abis abisan bahkan terang terangan oleh media korea depresi berat beberapa kali pingsan pada saat konser setahu gue tidak dragon dulu bernapas aja dikritik
bantu,abai,3192,kadang bingung sama orang yang hari cuman menggulir media sosial diam aja dirumah tiduran tidak kerja tidak bantu orang tua tapi dia bilang dia itu depresi stres terus yang bikin seneng dia itu cuman media sosial
fungsi,,3254,aku lagi depresi parah jujur aja benar lagi tidak berfungsi mau kerja juga malasan balasi obrolan juga malas sangat rasanya tidak pengen ngapain pagi belajar menyetir doang mau lanjut kerja tidak kuat khusus malam ini kejar tanggat waktu sama siapkan wawancara besok mau nikah malah kek gini
gerak,diam,3314,ourbluesjiminost setiap seon a gerak lagunya begitu depresi nya kerasa banget
projecting,,3326,assisting umum manajer financially independen membiayai hidup sendiri sejak mama papa pisah karena lebih memilih mengindekos untuk jalani hidup yang lebih tenang pengeluaran gtk lebih tiap bulan buat konseling karena ada gejala depresi yang harus aku sembuhi sendiri biar tidak projecting
ojek,,3333,mau tinggal di kanan selalu ada andong mau tinggal di kiri pasti ada aja motor parkir sembarangan kalo tidak ojek online menurunkan penumpang mau di tengah aja tetapi depresi mobil super lama
layak,jelek,3364,apa orang depresi tidak layak itu ya
